mutation,proportion,count,jaccard
"G28001-",0.006493506493506494,1,0.0005359056806002144
"C241T",1,142,0.00003163593896135202
"C28146T",0.0064516129032258064,1,0.00036443148688046647
"T2148C",0.00641025641025641,1,0.0036101083032490976
"A405G",1,151,0.0008653493489822116
"T670G",0.9935897435897436,155,0.00010363061502429971
"C2790T",1,157,0.00010458731975341375
"C3037T",1,157,0.000032907830198111424
"G4184A",1,156,0.00010331591091519353
"A3872G",0.006535947712418301,1,0.0011862396204033216
"C4321T",1,153,0.0001015235836630638
"G5720A",1,154,0.016926797098263356
"A9424G",1,148,0.00010131961958590398
"C9534T",0.9932432432432432,147,0.00009914499246970176
"C9866T",1,154,0.00022141006581917412
"C27630T",0.01282051282051282,2,0.00032770768474520726
"C10029T",1,153,0.0000403640893624004
"C10198T",1,147,0.00009878733506043164
"G10447A",1,157,0.00010376021740739566
"C10449A",1,157,0.00006469046231842376
"T18435G",0.03821656050955414,6,0.01643835616438356
"C12789T",0.9871794871794872,154,0.0044731032880213776
"C12880T",0.9934640522875817,152,0.00009994325590141913
"C14408T",0.9935064935064936,153,0.0000321135636358599
"C6896T",0.00684931506849315,1,0.00009304056568663938
"G15451A",0.9933333333333333,149,0.0000874227423516835
"C15714T",1,156,0.00010301796408767356
"C15738T",1,155,0.0007762303250652284
"T15939C",1,154,0.0008325629422990631
"T16342C",1,154,0.0008140438420754946
"C17410T",1,157,0.000103265084101847
"T17859C",1,153,0.0008390549937482177
"C8802T",0.006622516556291391,1,0.00020454080589077522
"A18163G",1,151,0.00006441443651232086
"G28085T",0.006493506493506494,1,0.0003763643206624012
"A19326G",1,149,0.0008229543508878517
"C19955T",0.9932885906040269,148,0.0001020693174804051
"A20055G",1,149,0.00010306939267916781
"C21618T",0.9863945578231292,145,0.00009834375551064148
"G11743A",0.00641025641025641,1,0.0015128593040847202
"T21810C",0.993421052631579,151,0.0008462797318806465
"C23638T",0.01948051948051948,3,0.0003888528839922229
"G21987A",0.959731543624161,143,0.00005758693815485007
"C22000A",0.9931972789115646,146,0.0008212905512209666
"C22109G",1,142,0.0008151690327617583
"T22200A",1,149,0.0008305879336198583
"G22317T",0.9925925925925926,134,0.0008816311492127823
"C29160T",0.006369426751592357,1,0.00035385704175513094
"G22577C",0.9932432432432432,147,0.0007434869029977189
"G22578A",0.9932432432432432,147,0.00006390990355691221
"G22599C",0.993421052631579,151,0.00039764363230341
"C22664A",1,145,0.0008151104615211648
"C22674T",1,145,0.00006550303166100329
"T22679C",1,145,0.00006523139600585913
"C24337T",0.006666666666666667,1,0.00015262515262515263
"C22686T",1,143,0.00006466828111256577
"G271T",0.006944444444444444,1,0.0034965034965034965
"A22688G",1,143,0.00009867336081466934
"G22775A",0.9931506849315068,145,0.00009996966437770608
"C3738T",0.006369426751592357,1,0.0001785076758300607
"C10138T",0.00641025641025641,1,0.0000818464560484531
"A22786C",0.9858156028368794,139,0.00009911346923525045
"G22813T",1,121,0.00006148511450459259
"T22882G",1,138,0.00006851607099059344
"C12513T",0.00641025641025641,1,0.00006382435537401073
"G22895C",1,137,0.0007924617796262126
"T22896C",1,137,0.0007589607223976511
"G22898A",1,136,0.000160366011838785
"T22942G",0.9928571428571429,139,0.0006917625512601027
"G22992A",0.972972972972973,144,0.00006346813701184078
"C22995A",0.9864864864864865,146,0.0000390773777580666
"A22920T",0.006993006993006993,1,0.002288329519450801
"A23013C",0.9801324503311258,148,0.00006554319141313336
"T23019C",0.98,147,0.000780888938469139
"T23031C",0.96,144,0.0007544243846726112
"A23055G",0.9735099337748344,147,0.0000653569199195443
"C5832T",0.00641025641025641,1,0.0006583278472679394
"A23063T",0.9736842105263158,148,0.00005825347424901235
"T23075C",0.9735099337748344,147,0.00006557543784987507
"C10507T",0.006369426751592357,1,0.00006664889362836577
"A23403G",1,157,0.000032777897592244205
"A27989-",0.006493506493506494,1,0.000500751126690035
"C23525T",1,157,0.00006369093426487072
"T23599G",1,156,0.00006461072040953257
"T8593C",0.006493506493506494,1,0.0004108463434675431
"C23604A",0.9935897435897436,155,0.00005713207313495112
"C23854A",0.9869281045751634,151,0.00006559000599431843
"G23948T",1,152,0.00006388927652119526
"A24424T",1,154,0.00006391627466068344
"T24469A",1,154,0.00006352173577680277
"C25000T",1,155,0.00006396959834520967
"C25416T",1,156,0.0003172685617361912
"C25584T",1,156,0.00006405928933609938
"C26060T",1,153,0.00010034807007049943
"C26270T",1,157,0.0000648966015261862
"A26275G",1,156,0.0007664830710421713
"C26577G",0.9933333333333333,149,0.00006368207174447846
"G26709A",1,156,0.00006618470624172691
"C26858T",1,156,0.00019812769329833078
"A27259C",1,155,0.00009202122543775388
"C1223T",0.0064516129032258064,1,0.0012376237623762376
"C23191T",0.01282051282051282,2,0.00014793993638582736
"A27383T",0.9935064935064936,153,0.00019697812384130515
"T27384C",0.9935064935064936,153,0.00019137223901767253
"G27516T",0.00641025641025641,1,0.00033467202141900936
"C27807T",0.9935897435897436,155,0.00006496753509399544
"G29204C",0.006369426751592357,1,0.004545454545454545
"G28077T",0.012987012987012988,2,0.00015072725902479464
"G27915T",0.9934640522875817,152,0.0008764241893076249
"A28271T",1,157,0.00006547791580040496
"T28297C",1,157,0.007557160048134778
"C28311T",1,157,0.00006497201444282359
"G28881A",1,157,0.0000569224600074398
"G28882A",1,157,0.0000572170153928349
"G28883C",1,157,0.000057068807898032216
"A29510C",1,154,0.00010340303414045892
"C29625T",0.006535947712418301,1,0.00011331444759206799
"T11288-",0.9935897435897436,155,0.000056852547599336986
"A28254-",0.006369426751592357,1,0.00003080050512828411
"C17597T",0.006369426751592357,1,0.0008818342151675485
"C11289-",0.9935897435897436,155,0.00005685901275879563
"T11290-",0.9935897435897436,155,0.000056876016888140655
"G11291-",1,155,0.00005724982197152135
"G11292-",1,155,0.00005727146192611686
"T11293-",0.9935897435897436,155,0.000057272625827958944
"T11294-",0.9935897435897436,155,0.00008484926118190094
"G2527A",0.012903225806451613,2,0.0011043622308117063
"T11295-",0.9935897435897436,155,0.00008492485246361518
"T11296-",0.9935897435897436,155,0.00008493513695379857
"T21633-",1,145,0.0000998630154911642
"A21634-",1,145,0.00009985043094068747
"C21635-",1,145,0.00009978934125958923
"C21636-",1,145,0.00009979909409953342
"C10993T",0.025477707006369428,4,0.0025188916876574307
"C21637-",1,145,0.00009980142956944287
"C21638-",1,145,0.00009980280342633348
"C21639-",1,145,0.00009980280342633348
"T21640-",1,145,0.00009980981068488116
"G21641-",1,145,0.00009989872336321108
"T21992-",0.9928057553956835,138,0.00010445105294987182
"T2593C",0.00641025641025641,1,0.0011061946902654867
"A21993-",0.9928057553956835,138,0.00010438113333706483
"C774T",0.006369426751592357,1,0.0009541984732824427
"T21994-",0.9,135,0.00010231729730753927
"G28362-",0.9936305732484076,156,0.00006642348291532666
"A28363-",1,156,0.00006640380408664335
"G28364-",1,156,0.0000664320819260875
"A28365-",1,156,0.00006633287623178238
"T18151C",0.006578947368421052,1,0.0028089887640449437
"A28366-",1,156,0.0000663563232471722
"C4794T",0.006622516556291391,1,0.00030959752321981426
"C28367-",1,156,0.00006638091667790745
"G28368-",1,155,0.00006597036015560493
"C28369-",1,155,0.00006600828723399724
"G24305A",0.046052631578947366,7,0.01891891891891892
"A28370-",1,150,0.00006459416990247573
"G29734-",0.9583333333333334,115,0.00010147643805348779
"A29735-",0.9829059829059829,115,0.00010147267737865192
"G29736-",0.9913793103448276,115,0.00010141522745230839
"A6608-",0.007042253521126761,1,0.004975124378109453
"G29737-",0.9913793103448276,115,0.00010133703198813563
"G6609-",0.007042253521126761,1,0.0051813471502590676
"C29738-",0.9913793103448276,115,0.00010034737643965764
"A6610-",0.007042253521126761,1,0.005208333333333333
"C29739-",0.9913793103448276,115,0.00010033870857974485
"A29740-",0.9913793103448276,115,0.00010032890432112229
"C29741-",0.9913793103448276,115,0.00010031997710959827
"G29742-",0.9913793103448276,115,0.00010029932808171866
"C27427T",0.006666666666666667,1,0.000975609756097561
"C29743-",0.9913793103448276,115,0.00010030422708179242
"G29744-",0.9913793103448276,115,0.00010029145569123487
"C29002T",0.025477707006369428,4,0.008385744234800839
"G29745-",0.9913793103448276,115,0.00010028795724767986
"A29746-",0.9913793103448276,115,0.0001002673213977439
"G29747-",0.9913793103448276,115,0.0001002585799549098
"T29748-",0.9829059829059829,115,0.00010026198893630749
"A29749-",0.9913793103448276,115,0.00010034676351147356
"C29750-",1,115,0.00010030361468061148
"G29751-",1,115,0.00010022153316286958
"A29752-",1,115,0.00009953383544547017
"A23999G",0.3959731543624161,59,0.15206185567010308
"T29753-",1,115,0.00009953874610608752
"C29754-",1,115,0.00009954753481350418
"A1682G",0.02564102564102564,4,0.0031007751937984496
"G29755-",1,115,0.00009956511688511831
"T7001C",0.006666666666666667,1,0.0045045045045045045
"A29756-",1,115,0.00009946074976107798
"G29757-",1,115,0.00010017561220365441
"T29758-",1,115,0.00010020607597363274
"G29759-",0.9829059829059829,115,0.00010050040462336818
"C9344T",1,145,0.0000980670643455207
"C24382T",0.006622516556291391,1,0.00011125945705384957
"T22292-",0.007246376811594203,1,0.0005232862375719519
"C3042A",0.006369426751592357,1,0.0009871668311944718
"T22293-",0.007246376811594203,1,0.0004152823920265781
"A29618C",0.013071895424836602,2,0.011764705882352941
"A22294-",0.007246376811594203,1,0.0003874467260751647
"C19269T",0.006622516556291391,1,0.00008575593859874797
"G27382C",0.9935064935064936,153,0.00019602868937524504
"C832T",0.00641025641025641,1,0.00017580872011251758
"G25429C",0.006369426751592357,1,0.0008620689655172414
"G19729A",0.006493506493506494,1,0.0023923444976076554
"C24621T",0.00641025641025641,1,0.0004411116012351125
"C44T",0.8701298701298701,67,0.00018593189342494873
"C15981T",0.006535947712418301,1,0.00019234468166955183
"A27888-",0.006493506493506494,1,0.00014088475626937165
"C27889-",0.006493506493506494,1,0.00014575134819997084
"G27890-",0.006493506493506494,1,0.00014795088030773783
"A27891-",0.006493506493506494,1,0.00014979029358897544
"A27892-",0.006493506493506494,1,0.00015451174289245981
"C27893-",0.006493506493506494,1,0.00015607928827844546
"A27894-",0.006493506493506494,1,0.00015735641227380016
"T27895-",0.006493506493506494,1,0.00015845349389954048
"G27896-",0.006493506493506494,1,0.00015946420028703555
"A27897-",0.006493506493506494,1,0.0001552553951249806
"A27898-",0.006493506493506494,1,0.00015647003598810827
"A2161G",0.00641025641025641,1,0.0010319917440660474
"A27899-",0.006493506493506494,1,0.00015750511891636477
"T27900-",0.006493506493506494,1,0.00015337423312883436
"T27901-",0.006493506493506494,1,0.0001554001554001554
"G669A",0.012738853503184714,2,0.00338409475465313
"G15444T",0.006666666666666667,1,0.0011325028312570782
"A21743G",0.006578947368421052,1,0.005405405405405406
"C20233T",0.044585987261146494,7,0.0006978367062107466
"C23996T",0.006711409395973154,1,0.0003272251308900524
"A19291T",0.006666666666666667,1,0.0022727272727272726
"C29311T",0.025477707006369428,4,0.0002797007202293546
"G4232A",0.006369426751592357,1,0.0013123359580052493
"G21987-",0.006711409395973154,1,0.000001175680807363524
"T21988-",0.006666666666666667,1,0.0000011748962272907245
"G21989-",0.006666666666666667,1,0.0000011736799914556097
"T21990-",0.006802721088435374,1,0.0000011730521761877446
"T21991-",0.007352941176470588,1,0.0000011733095542597003
"C1348T",0.006535947712418301,1,0.0001753155680224404
"C29762T",0.0078125,1,0.00011938872970391595
"C12664T",0.006369426751592357,1,0.0010162601626016261
"C25517T",0.0196078431372549,3,0.00004450180232299408
"C29555T",0.006535947712418301,1,0.00008869966294128082
"C203T",0.007142857142857143,1,0.00002956830277942046
"T22612C",0.006535947712418301,1,0.004629629629629629
"T78G",0.008695652173913044,1,0.0012315270935960591
"C27911-",0.006493506493506494,1,0.0002794076557697681
"T27912-",0.006493506493506494,1,0.00028145229383619476
"T27913-",0.006493506493506494,1,0.0002864508736751647
"A27914-",0.006493506493506494,1,0.0002911208151382824
"G27915-",0.006535947712418301,1,0.00028768699654775604
"G27916-",0.006493506493506494,1,0.00030376670716889426
"A27917-",0.006493506493506494,1,0.00030637254901960784
"A27918-",0.006493506493506494,1,0.00030553009471432935
"T27919-",0.006493506493506494,1,0.00030759766225776686
"C27920-",0.006493506493506494,1,0.0003091190108191654
"C23185T",0.00641025641025641,1,0.0003676470588235294
"A27921-",0.006493506493506494,1,0.00031017369727047146
"T27922-",0.006493506493506494,1,0.00021381227282446012
"C27923-",0.006493506493506494,1,0.00021413276231263382
"A27924-",0.006493506493506494,1,0.00021404109589041095
"C27925-",0.006535947712418301,1,0.00021496130696474635
"A27926-",0.006493506493506494,1,0.00021635655560363478
"A27927-",0.006493506493506494,1,0.00021570319240724764
"C24133T",0.006622516556291391,1,0.000499001996007984
"C27928-",0.006493506493506494,1,0.00021645021645021645
"T27929-",0.006493506493506494,1,0.00021772262138036142
"G27930-",0.006493506493506494,1,0.00021687269572760788
"G10890A",0.00641025641025641,1,0.0020408163265306124
"T23371C",0.01910828025477707,3,0.001193792280143255
"T27931-",0.006493506493506494,1,0.00021753317380900588
"A27932-",0.006493506493506494,1,0.0002190580503833516
"G27933-",0.006493506493506494,1,0.00021824530772588389
"T27902-",0.006493506493506494,1,0.00025608194622279127
"G18703T",0.00641025641025641,1,0.00012410027302060066
"C27934-",0.006493506493506494,1,0.00021944261575597982
"C27903-",0.006493506493506494,1,0.00025233409033560434
"C8247T",0.019230769230769232,3,0.0010162601626016261
"T27935-",0.006493506493506494,1,0.00022036139268400177
"T27904-",0.006493506493506494,1,0.00025497195308516065
"G27936-",0.006493506493506494,1,0.00022138587558113792
"T27905-",0.006493506493506494,1,0.0002591344908007256
"C27937-",0.006493506493506494,1,0.0002226179875333927
"A25718G",0.006535947712418301,1,0.0017006802721088435
"C25708T",0.006493506493506494,1,0.000006553638252275751
"A27938-",0.006493506493506494,1,0.00022361359570661896
"T27939-",0.006493506493506494,1,0.00022371364653243848
"C28674T",0.006369426751592357,1,0.00031055900621118014
"T27940-",0.006493506493506494,1,0.00022598870056497175
"T27941-",0.006493506493506494,1,0.0002260397830018083
"C27942-",0.006493506493506494,1,0.0002231644722160232
"A27943-",0.006493506493506494,1,0.00022742779167614282
"C27944-",0.006493506493506494,1,0.00022836263987211693
"C27945-",0.006493506493506494,1,0.00022925263640531865
"A27946-",0.006493506493506494,1,0.00023046784973496196
"C4113T",0.0064516129032258064,1,0.00014029180695847364
"A27947-",0.006493506493506494,1,0.00023228803716608595
"G27948-",0.006493506493506494,1,0.00023169601482854495
"A27949-",0.006493506493506494,1,0.00023272050267628578
"A27950-",0.006493506493506494,1,0.00023430178069353328
"T27951-",0.006493506493506494,1,0.0002354603249352484
"G27952-",0.006493506493506494,1,0.00023837902264600716
"T27953-",0.006493506493506494,1,0.00023946360153256704
"A27954-",0.006493506493506494,1,0.00023986567522187575
"G14241A",0.00641025641025641,1,0.0017921146953405018
"G27955-",0.006493506493506494,1,0.00024160425223483932
"T27956-",0.006493506493506494,1,0.00024740227610094015
"T27957-",0.006493506493506494,1,0.0003699593044765076
"T27958-",0.006493506493506494,1,0.0003766478342749529
"A27959-",0.006493506493506494,1,0.00038095238095238096
"C27960-",0.006493506493506494,1,0.0003831417624521073
"A27961-",0.006493506493506494,1,0.0003852080123266564
"G27962-",0.006493506493506494,1,0.0004
"T27963-",0.006493506493506494,1,0.0004035512510088781
"C27964-",0.006493506493506494,1,0.0004079967360261118
"A27965-",0.006493506493506494,1,0.00041220115416323167
"T27966-",0.006493506493506494,1,0.00041288191577208916
"G27967-",0.006493506493506494,1,0.0004166666666666667
"T27968-",0.006493506493506494,1,0.0004185851820845542
"A27969-",0.006493506493506494,1,0.00042140750105351877
"C27970-",0.006493506493506494,1,0.0004317789291882556
"T27971-",0.006493506493506494,1,0.000434593654932638
"C20429T",0.006369426751592357,1,0.00009149130832570906
"C27972-",0.006493506493506494,1,0.0004302925989672978
"A27973-",0.006493506493506494,1,0.000434593654932638
"A27974-",0.006493506493506494,1,0.0004374453193350831
"C27975-",0.006493506493506494,1,0.00044169611307420494
"A27976-",0.006493506493506494,1,0.0004464285714285714
"T27977-",0.006493506493506494,1,0.00045004500450045
"C27978-",0.006493506493506494,1,0.00045310376076121433
"A27979-",0.006493506493506494,1,0.00045351473922902497
"A27980-",0.006493506493506494,1,0.00046274872744099955
"C27981-",0.006493506493506494,1,0.0004675081813931744
"C27982-",0.006493506493506494,1,0.0004730368968779565
"A27983-",0.006493506493506494,1,0.0004752851711026616
"T27984-",0.006493506493506494,1,0.00045045045045045046
"A27985-",0.006493506493506494,1,0.0004591368227731864
"T27986-",0.006493506493506494,1,0.0004734848484848485
"G27987-",0.006493506493506494,1,0.00045682960255824577
"T27988-",0.006493506493506494,1,0.0004714757190004715
"G20134A",0.006369426751592357,1,0.0011312217194570137
"G27990-",0.006493506493506494,1,0.0005042864346949068
"T27991-",0.006493506493506494,1,0.0005073566717402334
"G509-",0.01282051282051282,2,0.00006703536115300821
"T27992-",0.006493506493506494,1,0.0005122950819672131
"G510-",0.019230769230769232,3,0.00006181233774261343
"G27993-",0.006493506493506494,1,0.0005115089514066496
"T511-",0.019230769230769232,3,0.00006181615874389565
"A27994-",0.006493506493506494,1,0.0005141388174807198
"C512-",0.019230769230769232,3,0.00006179069432143519
"T27995-",0.006493506493506494,1,0.0005224660397074191
"A513-",0.019230769230769232,3,0.00006072874493927126
"G27996-",0.006493506493506494,1,0.0005260389268805891
"T514-",0.019230769230769232,3,0.000060743500445452335
"A27997-",0.006493506493506494,1,0.0005296610169491525
"C27998-",0.006493506493506494,1,0.0005376344086021505
"C27999-",0.006493506493506494,1,0.0005208333333333333
"C28000-",0.006493506493506494,1,0.0005353319057815846
"C12624T",0.012738853503184714,2,0.002044989775051125
"T19281C",0.006666666666666667,1,0.004761904761904762
"T25992C",0.0064516129032258064,1,0.002364066193853428
"C29077T",0.01282051282051282,2,0.0003506311360448808
"C25587T",0.006369426751592357,1,0.00010726161106939826
"C16092T",0.0064516129032258064,1,0.00004760317989241681
"G27414A",0.006711409395973154,1,0.001869158878504673
"C22663T",0.006896551724137931,1,0.0010845986984815619
"C2110T",0.00641025641025641,1,0.000008733319360022357
"C13536T",0.01948051948051948,3,0.00033407572383073496
"T7030C",0.05333333333333334,8,0.034482758620689655
"C24912T",0.006369426751592357,1,0.0001386001386001386
"C11074T",0.00641025641025641,1,0.00014549687181725592
"A9944C",0.0064516129032258064,1,0.005988023952095809
"T3247C",0.00641025641025641,1,0.002976190476190476
"A22115G",0.006944444444444444,1,0.0003363605785401951
"A28615G",0.006369426751592357,1,0.0009940357852882703
"C16329T",0.0064516129032258064,1,0.00015176809834572774
"C15886T",0.012738853503184714,2,0.005494505494505495
"C13774T",0.006493506493506494,1,0.0011441647597254005
"C12651T",0.006369426751592357,1,0.00015055706112616682
"C534T",0.00641025641025641,1,0.0009823182711198428
"C1426T",0.006493506493506494,1,0.00014725371815638345
"G29759C",0.017094017094017096,2,0.00018885741265344664
"A1230C",0.0064516129032258064,1,0.004016064257028112
"G22627T",0.006802721088435374,1,0.006024096385542169
"C556T",0.02564102564102564,4,0.0008254230293025176
"C23124A",0.00684931506849315,1,0.004219409282700422
"G24197T",0.006622516556291391,1,0.00012254901960784314
"C302T",0.013888888888888888,2,0.005115089514066497
"C11758T",0.01282051282051282,2,0.0002706726214643389
"A4210C",0.006369426751592357,1,0.005952380952380952
"C6573T",0.007042253521126761,1,0.0001280901754835404
"G11330A",0.006369426751592357,1,0.002183406113537118
"C17304T",0.01282051282051282,2,0.00011989688867573886
"C1931A",0.00641025641025641,1,0.000004882764816749836
"G6632T",0.006993006993006993,1,0.0035842293906810036
"C26058T",0.0064516129032258064,1,0.00010761945759793371
"C28657T",0.006369426751592357,1,0.00005218389604967907
"C21054T",0.006578947368421052,1,0.00042936882782310007
"C7008T",0.006666666666666667,1,0.002336448598130841
"T29026A",0.006369426751592357,1,0.005434782608695652
"C21575T",0.006756756756756757,1,0.000009106307028247765
"C25585T",0.012738853503184714,2,0.000946521533364884
"C835T",0.00641025641025641,1,0.00016131634134537829
"T27311C",0.00641025641025641,1,0.0031446540880503146
"C10969T",0.006369426751592357,1,0.00012564392511622062
"A13192G",0.00641025641025641,1,0.003105590062111801
"G22289-",0.007246376811594203,1,0.0001818512456810329
"C22290-",0.007246376811594203,1,0.00018053800324968405
"T22291-",0.007246376811594203,1,0.00018076644974692697
"C23763T",0.006578947368421052,1,0.004651162790697674
"T15521A",0.0392156862745098,6,0.00012172607575419448
"G5917A",0.006369426751592357,1,0.002188183807439825
"C16338T",0.0064516129032258064,1,0.00024850894632206757
"G29422T",0.006369426751592357,1,0.00007782706825433887
"C29838T",0.014492753623188406,1,0.00048146364949446316
"A23098T",0.006802721088435374,1,0.003401360544217687
"C5646T",0.01948051948051948,3,0.0020905923344947735
"A686-",0.006369426751592357,1,0.00000802606867104355
"A687-",0.006369426751592357,1,0.000008026777329170112
"G688-",0.006369426751592357,1,0.000008028066119152557
"T689-",0.006369426751592357,1,0.0000080300000803
"A28553G",0.006369426751592357,1,0.002364066193853428
"C690-",0.006369426751592357,1,0.000008031934973454454
"A691-",0.006369426751592357,1,0.000008032128514056226
"T692-",0.006369426751592357,1,0.000008056005349187551
"T693-",0.006369426751592357,1,0.000008059771263691537
"T694-",0.006369426751592357,1,0.000008068615506265279
"T19521C",0.02564102564102564,4,0.0042417815482502655
"A2893T",0.006369426751592357,1,0.002638522427440633
"T11296G",0.00641025641025641,1,0.0000686530275985171
"T28835C",0.006369426751592357,1,0.0044444444444444444
"C2094T",0.00641025641025641,1,0.00019004180919802356
"A12820G",0.006369426751592357,1,0.0003663003663003663
"T11098C",0.00641025641025641,1,0.002967359050445104
"C18395T",0.006369426751592357,1,0.00010245901639344262
"T5614C",0.0064516129032258064,1,0.0023094688221709007
"G14461A",0.0064516129032258064,1,0.004524886877828055
"C14183T",0.00641025641025641,1,0.00031065548306927616
"T28002-",0.006493506493506494,1,0.0005194805194805195
"G28003-",0.006493506493506494,1,0.0005221932114882506
"T10288A",0.013071895424836602,2,0.007905138339920948
"T28004-",0.006493506493506494,1,0.000531632110579479
"C28005-",0.006493506493506494,1,0.0005058168942842691
"C28006-",0.006493506493506494,1,0.0005213764337851929
"C29743G",0.008620689655172414,1,0.00411522633744856
"T28007-",0.006493506493506494,1,0.0005219206680584551
"A28008-",0.006493506493506494,1,0.0005012531328320802
"A21137G",0.006493506493506494,1,0.000014598753266471044
"T28009-",0.006493506493506494,1,0.0005025125628140704
"T28010-",0.006493506493506494,1,0.0005099439061703213
"C28011-",0.006493506493506494,1,0.0005068423720223011
"A28012-",0.006493506493506494,1,0.0005138746145940391
"C28013-",0.006493506493506494,1,0.0005162622612287042
"T28014-",0.006493506493506494,1,0.0005141388174807198
"T28015-",0.006493506493506494,1,0.0005175983436853002
"C28016-",0.006493506493506494,1,0.0005213764337851929
"T28017-",0.006493506493506494,1,0.0005107252298263534
"A28018-",0.006493506493506494,1,0.0005221932114882506
"C24208T",0.026490066225165563,4,0.000013333022229481311
"C10030T",0.006493506493506494,1,0.00011429877700308607
"T22441A",0.006578947368421052,1,0.0031746031746031746
"C20759T",0.05128205128205128,8,0.0009987515605493133
"G3620A",0.00641025641025641,1,0.0006648936170212766
"T4375C",0.032467532467532464,5,0.016666666666666666
"G19567A",0.00684931506849315,1,0.0034965034965034965
"G13503T",0.006369426751592357,1,0.0021321961620469083
"C1059T",0.00641025641025641,1,0.000002604315872263515
"C643T",0.01282051282051282,2,0.0005409791723018664
"C8172T",0.00641025641025641,1,0.001451378809869376
"A1461G",0.006622516556291391,1,0.0014204545454545455
"G23009A",0.013333333333333334,2,0.005405405405405406
"G1264A",0.00641025641025641,1,0.0007087172218284905
"G24234A",0.013333333333333334,2,0.004434589800443459
"G8561A",0.00641025641025641,1,0.001639344262295082
"G6134A",0.006369426751592357,1,0.0014727540500736377
"C6336T",0.026845637583892617,4,0.0006279434850863422
"C24358A",0.006666666666666667,1,0.000517063081695967
"T21983-",0.006666666666666667,1,0.0003214400514304082
"T21984-",0.006666666666666667,1,0.00032927230819888045
"T18530C",0.006369426751592357,1,0.0034129692832764505
"G21985-",0.006666666666666667,1,0.00030303030303030303
"G21986-",0.006666666666666667,1,0.00020153164046755341
"T27305C",0.00641025641025641,1,0.0045045045045045045
"A29746T",0.008620689655172414,1,0.0040650406504065045
"C18657T",0.01282051282051282,2,0.000053173105043469014
"C9430T",0.006666666666666667,1,0.00005671828030174125
"C2623T",0.0064516129032258064,1,0.00036114120621162876
"T6226C",0.006493506493506494,1,0.0008223684210526315
"C17339T",0.0064516129032258064,1,0.00004418132013784572
"C25572T",0.00641025641025641,1,0.00020308692120227456
"C29870A",0.05263157894736842,2,0.000022012370952475292
"C29167T",0.006369426751592357,1,0.00009936406995230525
"C5203T",0.0064516129032258064,1,0.0002192982456140351
"C8683T",0.01282051282051282,2,0.00045589240939138365
"C17172T",0.00641025641025641,1,0.0003198976327575176
"A11359G",0.006369426751592357,1,0.003367003367003367
"C1943T",0.0064516129032258064,1,0.00034281796366129587
"G29734T",0.03333333333333333,4,0.00009257973429616257
"G27906-",0.006493506493506494,1,0.00025207965717166626
"T27907-",0.006493506493506494,1,0.0002598077422707197
"T27908-",0.006493506493506494,1,0.00026968716289104636
"C28045A",0.006493506493506494,1,0.0024390243902439024
"G12734A",0.006369426751592357,1,0.0019120458891013384
"C6990T",0.03333333333333333,5,0.000589066918001885
"G21718A",0.42567567567567566,63,0.05604982206405694
"G3431T",0.0064516129032258064,1,0.00020938023450586265
"C12459T",0.0064516129032258064,1,0.00018950161076369148
"T28820C",0.006369426751592357,1,0.00102880658436214
"A17666G",0.01910828025477707,3,0.002912621359223301
"C367T",0.006535947712418301,1,0.000552791597567717
"C710T",0.00641025641025641,1,0.0015128593040847202
"G9968A",0.03870967741935484,6,0.012684989429175475
"T23031A",0.006666666666666667,1,0.004761904761904762
"C21552T",0.006802721088435374,1,0.0006142506142506142
"T13686C",0.006493506493506494,1,0.001610305958132045
"G11234A",0.00641025641025641,1,0.004048582995951417
"T27909-",0.006493506493506494,1,0.0002613012803762738
"T27910-",0.006493506493506494,1,0.00027359781121751026
"A6073G",0.006369426751592357,1,0.0028011204481792717
"C5575T",0.006493506493506494,1,0.00026518164942985947
"A17199G",0.01282051282051282,2,0.005305039787798408
"C1385T",0.006535947712418301,1,0.0001639344262295082
"A28051C",0.05844155844155844,9,0.05027932960893855
"C1912T",0.00641025641025641,1,0.00004359387941932953
"T76A",0.00847457627118644,1,0.0011547344110854503
"C29067T",0.00641025641025641,1,0.0005920663114268798
"G2333A",0.006666666666666667,1,0.00303951367781155
"C19186T",0.006622516556291391,1,0.00017972681524083394
"C900T",0.00641025641025641,1,0.0003632401017072285
"T16743A",0.006493506493506494,1,0.003952569169960474
"C27442T",0.006711409395973154,1,0.0004166666666666667
"G26538A",0.013157894736842105,2,0.0028653295128939827
"C28928T",0.006369426751592357,1,0.0004428697962798937
"T516-",0.03205128205128205,5,0.000050202315330783056
"T517-",0.03205128205128205,5,0.00005071045345287478
"A518-",0.03205128205128205,5,0.000055007921140644254
"G25978A",0.0064516129032258064,1,0.0024330900243309003
"C8344T",0.00641025641025641,1,0.00024289531212047608
"T16506C",0.012987012987012988,2,0.0033112582781456954
"G14276A",0.00641025641025641,1,0.0034965034965034965
"C2485T",0.006756756756756757,1,0.0001010407194099222
"C16616T",0.00641025641025641,1,0.0001561524047470331
"T12289C",0.006369426751592357,1,0.0036900369003690036
"C9474T",0.006802721088435374,1,0.0001768972227136034
"C13366T",0.0064516129032258064,1,0.00016485328058028355
"A22005C",0.05333333333333334,8,0.0028787333573227778
"C14697T",0.06535947712418301,10,0.002642007926023778
"T27443G",0.006756756756756757,1,0.004608294930875576
"G23222A",0.057692307692307696,9,0.011873350923482849
"C1093T",0.00641025641025641,1,0.000449842555105713
"C5178T",0.0064516129032258064,1,0.0005844535359438924
"A5198C",0.0064516129032258064,1,0.006134969325153374
"A22625C",0.006756756756756757,1,0.004694835680751174
"A27599G",0.0064516129032258064,1,0.0013089005235602095
"C29171T",0.006369426751592357,1,0.0001463057790782736
"G515-",0.03205128205128205,5,0.000052954882440160984
"T519-",0.02564102564102564,4,0.00005866048776195574
"G520-",0.02564102564102564,4,0.0000589979203233086
"G25352A",0.0064516129032258064,1,0.0024937655860349127
"A26045G",0.006493506493506494,1,0.0029239766081871343
"C13168T",0.00641025641025641,1,0.0003156565656565657
"C18348T",0.006369426751592357,1,0.0000898069151324652
"A8425G",0.03205128205128205,5,0.010615711252653927
"G27651T",0.006369426751592357,1,0.0010905125408942203
"G3856A",0.013071895424836602,2,0.005714285714285714
"A15775T",0.006369426751592357,1,0.005813953488372093
"A8659G",0.006493506493506494,1,0.0028653295128939827
"C29420T",0.006369426751592357,1,0.00020990764063811922
"G11727A",0.00641025641025641,1,0.00392156862745098
"C26464T",0.006493506493506494,1,0.0002196836555360281
"A20472G",0.006535947712418301,1,0.0035460992907801418
"A20075T",0.006711409395973154,1,0.005780346820809248
"G16075T",0.0064516129032258064,1,0.0005015045135406219
"T16149C",0.006493506493506494,1,0.0032679738562091504
"T26987C",0.0070921985815602835,1,0.0011173184357541898
"A6597G",0.014084507042253521,2,0.0009136592051164915
"C1670T",0.00641025641025641,1,0.00034940600978336826
"T15501C",0.006493506493506494,1,0.002583979328165375
"G11387A",0.006369426751592357,1,0.0036231884057971015
"G11858A",0.012738853503184714,2,0.005012531328320802